[
  {
    "value": "avengers",
    "synonyms": [
      "avengers"
    ]
  },
  {
    "value": "aquaman",
    "synonyms": [
      "aquaman"
    ]
  },
  {
    "value": "mortal engines",
    "synonyms": [
      "mortal engines"
    ]
  },
  {
    "value": "stree",
    "synonyms": [
      "stree"
    ]
  },
  {
    "value": "padmavat",
    "synonyms": [
      "padmavat"
    ]
  },
  {
    "value": "sholay",
    "synonyms": [
      "sholay"
    ]
  },
  {
    "value": "2.O",
    "synonyms": [
      "2.O"
    ]
  },
  {
    "value": "sarkar",
    "synonyms": [
      "sarkar"
    ]
  },
  {
    "value": "vishwaroopam",
    "synonyms": [
      "vishwaroopam"
    ]
  },
  {
    "value": "english",
    "synonyms": [
      "english"
    ]
  }
]