[
  {
    "id": "d101538f-c0b7-41d3-854c-6f416c7e7adb",
    "data": [
      {
        "text": "21st december",
        "alias": "date",
        "meta": "@sys.date",
        "userDefined": false
      }
    ],
    "isTemplate": false,
    "count": 0,
    "updated": 1545158329
  },
  {
    "id": "6e00c52e-014b-4daf-aeef-03ef965b16b1",
    "data": [
      {
        "text": "tommorow",
        "alias": "date",
        "meta": "@sys.date",
        "userDefined": false
      }
    ],
    "isTemplate": false,
    "count": 0,
    "updated": 1545158329
  }
]