[
  {
    "id": "794cf8ee-266c-4376-a0c8-35c6772dad1f",
    "data": [
      {
        "text": "bangalore",
        "alias": "cities",
        "meta": "@cities",
        "userDefined": true
      }
    ],
    "isTemplate": false,
    "count": 0,
    "updated": 1548935112
  },
  {
    "id": "8af77244-2e5f-4b85-9a54-e682fb2e3106",
    "data": [
      {
        "text": "Chennai",
        "alias": "cities",
        "meta": "@cities",
        "userDefined": true
      }
    ],
    "isTemplate": false,
    "count": 0,
    "updated": 1548935112
  }
]